{"training loss": [1.4968121489392052, 0.8822125664240197, 0.7781885451153864, 0.6917658719835402, 0.6511378937129733], "_runtime": 8, "_timestamp": 1641997095, "_step": 4, "gradients/fc4.bias": {"_type": "histogram", "values": [1.0, 0.0, 1.0, 0.0, 0.0, 0.0, 0.0, 0.0, 0.0, 0.0, 0.0, 0.0, 0.0, 0.0, 0.0, 0.0, 0.0, 0.0, 0.0, 0.0, 0.0, 0.0, 0.0, 0.0, 0.0, 0.0, 1.0, 0.0, 1.0, 0.0, 0.0, 0.0, 1.0, 0.0, 0.0, 1.0, 0.0, 0.0, 0.0, 0.0, 1.0, 0.0, 0.0, 0.0, 0.0, 0.0, 0.0, 0.0, 0.0, 0.0, 0.0, 1.0, 0.0, 0.0, 0.0, 0.0, 1.0, 0.0, 0.0, 0.0, 0.0, 0.0, 0.0, 1.0], "bins": [-0.043904561549425125, -0.042610183358192444, -0.041315801441669464, -0.04002142325043678, -0.0387270413339138, -0.03743266314268112, -0.03613828122615814, -0.03484390303492546, -0.03354952484369278, -0.0322551466524601, -0.03096076473593712, -0.029666384682059288, -0.028372004628181458, -0.027077626436948776, -0.025783246383070946, -0.024488866329193115, -0.023194484412670135, -0.021900104358792305, -0.020605724304914474, -0.019311344251036644, -0.018016964197158813, -0.016722586005926132, -0.015428205952048302, -0.014133825898170471, -0.01283944584429264, -0.01154506579041481, -0.01025068573653698, -0.008956306613981724, -0.007661926560103893, -0.006367546506226063, -0.00507316691800952, -0.0037787873297929764, -0.0024844110012054443, -0.0011900311801582575, 0.00010434864088892937, 0.0013987284619361162, 0.002693108282983303, 0.003987488336861134, 0.005281867925077677, 0.00657624751329422, 0.00787062756717205, 0.009165007621049881, 0.010459387674927711, 0.011753766797482967, 0.013048146851360798, 0.014342526905238628, 0.015636906027793884, 0.016931286081671715, 0.018225666135549545, 0.019520046189427376, 0.020814426243305206, 0.022108806297183037, 0.023403186351060867, 0.02469756454229355, 0.02599194459617138, 0.02728632465004921, 0.02858070470392704, 0.02987508475780487, 0.0311694648116827, 0.03246384486556053, 0.03375822305679321, 0.03505260497331619, 0.036346983164548874, 0.037641361355781555, 0.038935743272304535]}, "gradients/fc4.weight": {"_type": "histogram", "values": [1.0, 1.0, 0.0, 0.0, 0.0, 1.0, 0.0, 2.0, 0.0, 1.0, 1.0, 0.0, 1.0, 2.0, 1.0, 0.0, 1.0, 2.0, 4.0, 3.0, 0.0, 4.0, 1.0, 1.0, 9.0, 4.0, 2.0, 7.0, 9.0, 17.0, 438.0, 62.0, 21.0, 12.0, 6.0, 1.0, 1.0, 3.0, 3.0, 1.0, 0.0, 2.0, 3.0, 0.0, 2.0, 2.0, 4.0, 0.0, 1.0, 0.0, 0.0, 0.0, 0.0, 1.0, 0.0, 0.0, 0.0, 1.0, 0.0, 0.0, 0.0, 0.0, 0.0, 1.0], "bins": [-0.22892031073570251, -0.221394345164299, -0.2138683795928955, -0.206342414021492, -0.1988164484500885, -0.1912904977798462, -0.1837645322084427, -0.17623856663703918, -0.16871260106563568, -0.16118663549423218, -0.15366066992282867, -0.14613470435142517, -0.13860875368118286, -0.13108277320861816, -0.12355682253837585, -0.11603085696697235, -0.10850489139556885, -0.10097892582416534, -0.09345296025276184, -0.08592700213193893, -0.07840103656053543, -0.07087507098913193, -0.06334911286830902, -0.05582314729690552, -0.048297181725502014, -0.04077121615409851, -0.033245254307985306, -0.02571929059922695, -0.018193326890468597, -0.010667361319065094, -0.003141399472951889, 0.004384562373161316, 0.01191052794456482, 0.019436491653323174, 0.026962455362081528, 0.03448841720819473, 0.042014382779598236, 0.04954034835100174, 0.057066310197114944, 0.06459227204322815, 0.07211823761463165, 0.07964420318603516, 0.08717016875743866, 0.09469612687826157, 0.10222209244966507, 0.10974805802106857, 0.11727401614189148, 0.12479998171329498, 0.1323259472846985, 0.139851912856102, 0.1473778784275055, 0.154903843998909, 0.1624298095703125, 0.1699557602405548, 0.1774817258119583, 0.18500769138336182, 0.19253365695476532, 0.20005962252616882, 0.20758558809757233, 0.21511155366897583, 0.22263750433921814, 0.23016348481178284, 0.23768943548202515, 0.24521540105342865, 0.25274136662483215]}, "gradients/fc3.bias": {"_type": "histogram", "values": [2.0, 1.0, 0.0, 0.0, 0.0, 0.0, 0.0, 0.0, 1.0, 0.0, 0.0, 0.0, 0.0, 0.0, 1.0, 0.0, 1.0, 1.0, 0.0, 0.0, 0.0, 1.0, 4.0, 2.0, 2.0, 0.0, 2.0, 0.0, 3.0, 2.0, 1.0, 2.0, 2.0, 1.0, 2.0, 1.0, 26.0, 1.0, 0.0, 0.0, 0.0, 0.0, 0.0, 0.0, 0.0, 0.0, 0.0, 0.0, 1.0, 0.0, 1.0, 1.0, 0.0, 0.0, 0.0, 0.0, 0.0, 0.0, 0.0, 0.0, 0.0, 0.0, 0.0, 2.0], "bins": [-0.010513078421354294, -0.010224607773125172, -0.009936138056218624, -0.009647667407989502, -0.009359197691082954, -0.009070727042853832, -0.008782257325947285, -0.008493786677718163, -0.008205316960811615, -0.007916846312582493, -0.007628376595675945, -0.00733990641310811, -0.007051436230540276, -0.006762966047972441, -0.006474495865404606, -0.006186025217175484, -0.005897555034607649, -0.005609084852039814, -0.005320614669471979, -0.005032144486904144, -0.004743674304336309, -0.004455204121768475, -0.004166733473539352, -0.003878263523802161, -0.0035897931084036827, -0.003301322925835848, -0.003012852743268013, -0.002724382560700178, -0.0024359123781323433, -0.0021474421955645084, -0.00185897178016603, -0.001570501597598195, -0.0012820316478610039, -0.000993561465293169, -0.0007050912245176733, -0.0004166209837421775, -0.00012815080117434263, 0.00016031938139349222, 0.0004487896803766489, 0.0007372598629444838, 0.001025729812681675, 0.0013141999952495098, 0.0016026701778173447, 0.0018911404768005013, 0.0021796105429530144, 0.0024680807255208492, 0.0027565511409193277, 0.0030450213234871626, 0.003333491738885641, 0.003621961921453476, 0.003910432104021311, 0.004198902286589146, 0.0044873724691569805, 0.004775842651724815, 0.0050643132999539375, 0.005352783016860485, 0.005641253665089607, 0.005929723847657442, 0.006218194030225277, 0.006506664212793112, 0.006795134395360947, 0.0070836045779287815, 0.007372074760496616, 0.0076605454087257385, 0.007949015125632286]}, "gradients/fc3.weight": {"_type": "histogram", "values": [1.0, 0.0, 0.0, 0.0, 0.0, 1.0, 0.0, 2.0, 0.0, 2.0, 2.0, 2.0, 3.0, 4.0, 3.0, 7.0, 4.0, 3.0, 7.0, 9.0, 19.0, 19.0, 22.0, 24.0, 58.0, 62.0, 84.0, 148.0, 337.0, 7074.0, 79.0, 36.0, 28.0, 23.0, 18.0, 9.0, 13.0, 7.0, 13.0, 11.0, 5.0, 3.0, 4.0, 5.0, 5.0, 4.0, 4.0, 5.0, 3.0, 0.0, 3.0, 1.0, 2.0, 0.0, 2.0, 3.0, 2.0, 0.0, 0.0, 1.0, 3.0, 2.0, 0.0, 1.0], "bins": [-0.058212898671627045, -0.05622932314872742, -0.05424575135111809, -0.05226217582821846, -0.05027860403060913, -0.0482950285077095, -0.046311452984809875, -0.04432787746191025, -0.04234430566430092, -0.04036073014140129, -0.03837715834379196, -0.036393582820892334, -0.034410007297992706, -0.03242643550038338, -0.03044285997748375, -0.02845928631722927, -0.026475712656974792, -0.024492138996720314, -0.022508565336465836, -0.020524989813566208, -0.01854141615331173, -0.01655784249305725, -0.014574267901480198, -0.012590693309903145, -0.010607119649648666, -0.008623545989394188, -0.006639971397817135, -0.004656397271901369, -0.0026728231459856033, -0.0006892494857311249, 0.0012943251058459282, 0.0032778996974229813, 0.00526147335767746, 0.0072450474835932255, 0.009228621609508991, 0.011212196201086044, 0.013195769861340523, 0.015179343521595001, 0.01716291904449463, 0.019146492704749107, 0.021130066365003586, 0.023113640025258064, 0.025097213685512543, 0.02708078920841217, 0.02906436286866665, 0.031047936528921127, 0.033031512051820755, 0.035015083849430084, 0.03699865937232971, 0.03898223489522934, 0.04096580669283867, 0.042949382215738297, 0.044932954013347626, 0.04691652953624725, 0.04890010505914688, 0.05088368058204651, 0.05286725237965584, 0.054850827902555466, 0.056834399700164795, 0.05881797522306442, 0.06080155074596405, 0.06278511881828308, 0.06476869434118271, 0.06675226986408234, 0.06873584538698196]}, "gradients/fc2.bias": {"_type": "histogram", "values": [1.0, 0.0, 0.0, 0.0, 0.0, 0.0, 0.0, 0.0, 0.0, 0.0, 0.0, 0.0, 0.0, 0.0, 0.0, 0.0, 1.0, 0.0, 1.0, 0.0, 0.0, 0.0, 0.0, 0.0, 0.0, 0.0, 1.0, 2.0, 1.0, 1.0, 2.0, 3.0, 3.0, 2.0, 4.0, 3.0, 3.0, 1.0, 6.0, 63.0, 2.0, 2.0, 4.0, 3.0, 4.0, 2.0, 1.0, 3.0, 0.0, 1.0, 0.0, 1.0, 0.0, 0.0, 2.0, 2.0, 1.0, 0.0, 0.0, 0.0, 0.0, 0.0, 0.0, 2.0],